data,no,no2,so2,pm2_5,nox,ur,temp,o3,co,pm10,chuva
2016-12-01,,,1.2216666666666667,7.25,,59.1625,23.137083333333333,22.180833333333336,0.1775,,0.0
2016-12-02,,,1.1970833333333333,6.541666666666667,,58.58625,24.495,24.52625,0.13541666666666666,,0.0
2016-12-03,,,2.7587500000000005,7.0,,61.82333333333333,26.964583333333334,41.065416666666664,0.18375,,0.0
2016-12-04,,,0.003541666666666667,3.125,,76.60375,24.62125,29.088333333333335,0.24125,,0.0
2016-12-05,,,0.13916666666666666,2.5,,75.89583333333333,22.112083333333334,30.635,0.08714285714285715,,0.0
2016-12-06,,,1.6783333333333335,3.375,,60.60125,24.49875,27.22666666666667,,,0.0
2016-12-07,,,3.1279166666666662,12.083333333333334,,57.663333333333334,26.22583333333333,47.9375,,,0.0
2016-12-08,,,3.3993749999999996,11.5,,60.298750000000005,28.142916666666668,58.380833333333335,,,0.0
2016-12-09,,,0.17833333333333334,2.6666666666666665,,67.66291666666667,26.912916666666664,51.54833333333334,,,0.0
2016-12-10,,,2.1214583333333334,12.583333333333334,,70.06708333333333,27.578333333333333,52.5375,,,0.0
2016-12-11,,,2.3233333333333333,12.083333333333334,,67.14125,28.967083333333335,31.69875,,,0.0
2016-12-12,,,1.3204166666666668,7.75,,76.24083333333333,27.323333333333334,43.720416666666665,0.4338461538461539,,0.0
2016-12-13,,,2.921875,5.625,,75.02041666666666,27.74625,39.8025,0.27695652173913043,,0.0
2016-12-14,,,1.4002083333333333,11.125,,84.23,24.97083333333333,22.952916666666667,0.12076923076923077,,29.0
2016-12-15,,,0.8645833333333334,9.208333333333334,,80.31375,20.361666666666668,18.087500000000002,0.1847916666666667,,1.0
2016-12-16,,,1.3583333333333334,9.166666666666666,,74.27291666666666,21.46875,12.277916666666668,0.12130434782608696,,2.0
2016-12-17,,,1.5629166666666665,5.75,,81.27041666666666,22.48625,11.834166666666667,,,5.0
2016-12-18,,,3.4906249999999996,7.208333333333333,,75.64833333333333,24.752916666666664,23.037916666666664,0.26666666666666666,,5.0
2016-12-19,,,8.516041666666666,6.25,,61.463750000000005,27.902083333333334,24.634583333333335,0.1708333333333333,,0.0
2016-12-20,,,5.087916666666667,6.25,,52.032916666666665,29.746666666666666,37.23,0.18208333333333335,,0.0
2016-12-21,,,3.316923076923077,9.354166666666666,,51.75020833333334,29.183125,26.52,0.13615384615384615,,10.0
2016-12-22,,,,18.291666666666668,,60.34291666666667,28.436666666666667,,,,0.0
2016-12-23,,,,19.166666666666668,,55.617916666666666,29.26375,114.979,,,0.0
2016-12-24,,,0.17,8.416666666666666,,49.02708333333334,29.74,76.25083333333333,,,0.0
2016-12-25,,,2.38375,8.541666666666666,,52.27375,29.032083333333333,68.68583333333333,,,0.0
2016-12-26,,,2.4722916666666666,18.75,,52.26333333333333,30.943749999999998,76.21249999999999,0.20400000000000001,,0.0
2016-12-27,,,5.1258333333333335,12.291666666666666,,44.2175,33.432916666666664,64.88041666666666,0.1679166666666667,,0.0
2016-12-28,,,3.5620833333333333,17.333333333333332,,51.42666666666667,31.827083333333334,78.25,0.18041666666666667,,0.0
2016-12-29,,,0.02,16.916666666666668,,62.48875,30.4975,72.99083333333333,0.17041666666666666,,0.0
2016-12-30,,,,15.166666666666666,,63.83791666666667,29.709166666666665,56.305,0.32166666666666666,,31.0
2016-12-31,,,,21.458333333333332,,60.88625,30.31125,75.6575,0.3491666666666667,,7.0
2017-01-01,,,,16.958333333333332,,50.48083333333333,31.805000000000003,82.16958333333334,0.18041666666666667,,0.0
2017-01-02,,,,9.875,,54.14791666666667,30.618333333333336,70.31708333333333,0.16,,0.0
2017-01-03,,,,6.458333333333333,,65.44625,28.3275,62.362500000000004,0.11416666666666668,,0.0
2017-01-04,,,0.020000000000000004,12.25,,57.15541666666667,29.83458333333333,58.04,0.19083333333333333,,0.0
2017-01-05,,,,10.333333333333334,,62.022083333333335,29.360833333333332,71.71375,0.16708333333333333,,14.0
2017-01-06,,,,8.208333333333334,,58.74583333333334,29.3275,33.75363636363637,0.16083333333333336,,0.0
2017-01-07,,,,12.208333333333334,,66.88541666666667,28.995416666666667,,0.15235294117647058,,12.0
2017-01-08,,,,6.666666666666667,,60.45666666666667,28.976249999999997,,,,0.0
2017-01-09,,,,6.5,,52.833333333333336,30.717083333333335,,,,0.0
2017-01-10,,,,4.583333333333333,,56.80020833333333,30.736875,,0.22666666666666666,,4.0
2017-01-11,,,,8.900560224089634,,56.32941176470588,30.197058823529414,,,,6.0
2017-01-12,,,,,,,,,,,
2017-01-13,,,0.01615384615384615,11.6,,78.77466666666666,25.736,,0.423,,0.0
2017-01-14,,,1.4100000000000001,11.75,,65.72666666666667,27.897499999999997,,0.28291666666666665,,0.0
2017-01-15,,,0.56375,10.333333333333334,,66.65166666666667,27.909166666666668,,0.3104166666666667,,1.0
2017-01-16,,,3.3858333333333337,8.583333333333334,,62.60833333333333,28.96375,,0.22833333333333336,,5.0
2017-01-17,,,1.7991666666666666,7.166666666666667,,50.40541666666667,30.23625,,0.22083333333333333,,0.0
2017-01-18,,,2.1791666666666667,7.791666666666667,,46.900416666666665,31.20375,,0.16583333333333333,,0.0
2017-01-19,,,2.298125,11.0,,69.02708333333334,27.348333333333333,,0.1729166666666667,,30.0
2017-01-20,,,2.686666666666667,12.625,,75.48666666666666,25.840833333333332,,0.20166666666666666,,1.0
2017-01-21,,,0.5458333333333333,15.25,,70.54791666666667,26.744583333333335,,0.41041666666666665,,0.0
2017-01-22,,,0.9295833333333333,11.333333333333334,,69.2175,27.25791666666667,,0.08916666666666667,,23.0
2017-01-23,,,0.48333333333333334,14.833333333333334,,69.21666666666667,27.81375,,0.17708333333333334,,0.0
2017-01-24,,,1.2125,15.166666666666666,,63.502916666666664,28.522916666666664,,0.32208333333333333,,6.0
2017-01-25,,,0.7695833333333333,10.166666666666666,,61.53125,29.147916666666664,,0.16304347826086957,,3.0
2017-01-26,,,0.6081818181818183,7.916666666666667,,58.600833333333334,29.90625,,0.15692307692307692,,5.0
2017-01-27,,,2.1558333333333333,7.958333333333333,,63.34791666666666,29.75125,,0.22041666666666668,,0.0
2017-01-28,,,1.61,9.125,,60.12291666666667,29.985833333333332,,0.10625,,0.0
2017-01-29,,,1.3029166666666667,6.916666666666667,,60.45291666666666,29.206666666666667,,0.07,,0.0
2017-01-30,,,1.56375,7.75,,64.645,28.005416666666665,,0.1691666666666667,,19.0
2017-01-31,,,1.3508333333333333,7.666666666666667,,63.525416666666665,27.849999999999998,,0.22208333333333333,,0.0
2017-02-01,,,1.7195833333333335,10.125,,59.102916666666665,28.389583333333334,,0.14916666666666667,,0.0
2017-02-02,,,1.6791666666666665,11.541666666666666,,64.31458333333333,27.94458333333333,,0.21375,,16.0
2017-02-03,,,1.1937499999999999,4.791666666666667,,61.52791666666667,28.47083333333333,,0.38208333333333333,,0.0
2017-02-04,,,1.9520833333333334,3.6666666666666665,,57.492916666666666,29.056250000000002,,0.18375,,0.0
2017-02-05,,,2.7245833333333334,3.5833333333333335,,59.88916666666666,28.800833333333333,,0.245,,0.0
2017-02-06,,,3.9487500000000004,2.5625,,51.78875,30.251875,39.45428571428572,0.10145833333333333,,0.0
2017-02-07,,,1.679375,4.291666666666667,,63.78,28.25708333333333,32.37444444444444,0.11833333333333333,,2.0
2017-02-08,,,0.16,2.4583333333333335,,68.64125,27.205416666666668,33.92285714285715,0.12176470588235293,,3.0
2017-02-09,,,1.8539999999999999,5.520833333333333,,62.82208333333333,26.538749999999997,22.148333333333337,0.065,,0.0
2017-02-10,,,11.067777777777778,3.9166666666666665,,64.61166666666666,27.501666666666665,26.03895833333333,0.11416666666666668,,0.0
2017-02-11,,,0.04730769230769231,1.8461538461538463,,58.96895833333334,29.445416666666663,39.607499999999995,0.11041666666666666,,0.0
2017-02-12,,,6.4750000000000005,5.75,,53.68625,30.131249999999998,24.315416666666664,0.07125,,0.0
2017-02-13,,,2.1045833333333333,8.545454545454545,,48.95791666666667,30.02541666666667,20.31833333333333,0.08541666666666665,,0.0
2017-02-14,,,3.5816666666666666,11.23076923076923,,51.4475,29.817083333333333,29.540833333333335,0.13875,,0.0
2017-02-15,,,4.235,12.5,,51.9575,30.145416666666666,29.634583333333335,0.105,,0.0
2017-02-16,,,3.4379166666666663,16.916666666666668,,54.16375,29.59375,39.181666666666665,0.17625000000000002,,0.0
2017-02-17,,,5.085,15.416666666666666,,54.557500000000005,30.321250000000003,39.387499999999996,0.1975,,0.0
2017-02-18,,,6.042916666666667,18.25,,54.604166666666664,30.41208333333333,45.94708333333333,0.16,,0.0
2017-02-19,,,7.364583333333333,20.083333333333332,,56.06583333333333,29.618750000000002,43.71333333333334,0.17166666666666666,,0.0
2017-02-20,,,4.2562500000000005,20.75,,54.05083333333334,30.045833333333334,43.69875,0.07541666666666667,,0.0
2017-02-21,,,3.3195833333333336,11.333333333333334,,55.44708333333333,29.124583333333334,22.200833333333335,0.07625,,0.0
2017-02-22,,,3.9416666666666664,11.541666666666666,,52.73,29.969166666666666,31.229583333333334,0.17041666666666666,,0.0
2017-02-23,,,0.2808333333333333,17.791666666666668,,49.15416666666667,30.840416666666666,36.99333333333333,0.19395833333333334,,4.0
2017-02-24,,,1.7741666666666667,22.5,,53.080000000000005,29.767083333333332,43.16583333333333,0.21375,,0.0
2017-02-25,,,1.6050000000000002,16.083333333333332,,60.3825,26.644583333333333,32.71375,0.24749999999999997,,0.0
2017-02-26,,,0.7633333333333333,25.125,,66.97416666666666,26.633750000000003,34.225833333333334,0.2520833333333333,,1.0
2017-02-27,,,2.0091666666666668,14.833333333333334,,60.78208333333333,27.75708333333333,37.8575,0.24125,,0.0
2017-02-28,,,3.4275,13.541666666666666,,57.09125,29.095,46.42166666666666,0.15333333333333335,,0.0
2017-03-01,,,2.80875,14.375,,50.4125,31.068749999999998,34.88875,0.26125,,0.0
2017-03-02,,,1.6504166666666666,12.875,,61.04458333333333,29.030833333333334,36.36666666666667,0.1625,,2.0
2017-03-03,,,3.7393750000000003,13.375,,66.56458333333333,28.106666666666666,34.384791666666665,0.30854166666666666,,0.0
2017-03-04,,,2.2695833333333333,15.25,,56.72875,30.22666666666667,37.805416666666666,0.270625,,0.0
2017-03-05,,,3.5187500000000003,8.291666666666666,,56.062916666666666,30.04125,36.9475,0.2354166666666667,,0.0
2017-03-06,,,1.193125,8.041666666666666,,70.10083333333334,27.455833333333334,24.079583333333332,0.17666666666666667,,0.0
2017-03-07,,,2.8041666666666667,9.6875,,72.29916666666666,27.535,21.595,0.3841666666666667,,15.0
2017-03-08,,,0.3175,7.125,,77.04666666666667,26.3175,14.028333333333334,0.27708333333333335,,11.0
2017-03-09,,,4.5441666666666665,9.416666666666666,,63.135416666666664,28.804583333333337,31.77,0.22916666666666666,,0.0
2017-03-10,,,6.605,9.958333333333334,,54.955000000000005,30.765,28.864166666666666,0.26833333333333337,,0.0
2017-03-11,,,4.9158333333333335,14.208333333333334,,57.39458333333334,29.847916666666666,38.76,0.18833333333333335,,0.0
2017-03-12,,,8.69125,19.083333333333332,,54.11541666666667,30.405,40.216249999999995,0.394375,,0.0
2017-03-13,,,3.420208333333333,9.666666666666666,,60.21791666666667,28.262083333333333,39.2125,0.13166666666666668,,0.0
2017-03-14,,,2.9222916666666667,7.125,,75.54541666666667,26.212500000000002,27.69458333333333,0.23666666666666666,,24.0
2017-03-15,,,4.212916666666667,12.583333333333334,,65.10833333333333,27.782916666666665,35.52583333333333,0.24791666666666667,,0.0
2017-03-16,,,6.44875,10.166666666666666,,55.54458333333333,29.1525,39.64666666666667,0.17916666666666667,,0.0
2017-03-17,,,6.361875,13.666666666666666,,60.56708333333333,28.52541666666667,33.725833333333334,0.25125000000000003,,0.0
2017-03-18,,,0.9241666666666667,6.208333333333333,,80.58416666666666,24.09958333333333,37.160000000000004,0.1625,,15.0
2017-03-19,,,1.5475,5.791666666666667,,83.79208333333334,21.605833333333333,22.104166666666668,0.2733333333333334,,20.0
2017-03-20,,,1.9883333333333333,4.4375,,72.38958333333333,22.960416666666664,28.976249999999997,0.14541666666666667,,22.0
2017-03-21,,,2.11125,9.291666666666666,,71.20541666666666,23.215,17.225416666666668,0.32958333333333334,,0.0
2017-03-22,,,0.7413333333333334,7.833333333333333,,68.30624999999999,24.297916666666666,20.287916666666668,0.11312500000000002,,4.0
2017-03-23,,,3.8629166666666666,10.208333333333334,,63.5375,24.661666666666665,21.439166666666665,0.1835416666666667,,0.0
2017-03-24,,,3.700833333333333,11.458333333333334,,56.906666666666666,26.1675,30.082916666666666,0.18000000000000002,,0.0
2017-03-25,,,1.6362500000000002,14.791666666666666,,66.27833333333334,25.51125,31.927916666666665,0.1575,,0.0
2017-03-26,,,1.5133333333333334,10.208333333333334,,67.315,25.250833333333333,29.082083333333333,0.05458333333333334,,0.0
2017-03-27,,,0.8108333333333334,7.708333333333333,,67.25333333333333,25.25,21.83125,0.11208333333333333,,7.0
2017-03-28,,,0.031041666666666672,7.541666666666667,,78.36791666666666,23.545,17.004583333333333,0.239375,,4.0
2017-03-29,,,0.5593750000000001,7.541666666666667,,71.62083333333334,22.992500000000003,17.177083333333332,0.2304166666666667,,0.0
2017-03-30,,,0.28062499999999996,7.083333333333333,,67.86333333333333,23.42625,23.797083333333333,0.06458333333333334,,1.0
2017-03-31,,,1.47,5.916666666666667,,68.65333333333334,22.749166666666667,23.18625,0.10125,,1.0
2017-04-01,,,1.6185416666666665,7.208333333333333,,72.26166666666667,22.785,26.473333333333333,0.10916666666666668,,11.0
2017-04-02,,,2.486875,7.541666666666667,,73.29166666666667,22.727500000000003,24.41541666666667,0.09541666666666666,,1.0
2017-04-03,,,0.7541666666666668,7.291666666666667,,63.85874999999999,24.441666666666666,26.142083333333332,0.10083333333333333,,0.0
2017-04-04,,,4.282708333333333,10.291666666666666,,60.36166666666667,26.236666666666665,35.15291666666666,0.065,,0.0
2017-04-05,,,3.3366666666666664,14.875,,53.63375,28.100416666666664,19.76875,0.4439583333333333,,0.0
2017-04-06,,,3.5175,21.458333333333332,,56.422083333333326,28.636666666666667,21.430000000000003,0.47,,0.0
2017-04-07,,,0.21562499999999998,15.875,,76.58125,26.059583333333332,22.816666666666666,0.2275,,4.0
2017-04-08,,,0.229375,11.68421052631579,,85.06208333333333,24.86916666666667,15.992083333333333,0.305625,,43.0
2017-04-09,,,2.3110416666666667,10.541666666666666,,76.77166666666666,26.25708333333333,17.06083333333333,0.2733333333333333,,0.0
2017-04-10,,,5.2491666666666665,15.458333333333334,,69.58541666666666,26.95625,22.708333333333332,0.32875000000000004,,0.0
2017-04-11,,,3.751875,9.041666666666666,,65.44416666666667,27.623333333333335,21.15625,0.155,,0.0
2017-04-12,,,1.2264583333333332,11.583333333333334,,76.33833333333334,24.81125,19.672916666666666,0.14791666666666667,,2.0
2017-04-13,,,0.5279166666666667,6.125,,84.67625,21.644583333333333,12.832083333333335,0.12458333333333334,,6.0
2017-04-14,,,3.2514583333333333,8.208333333333334,,70.71875,24.00125,16.043333333333333,0.09166666666666667,,0.0
2017-04-15,,,2.908125,7.833333333333333,,63.32208333333333,25.935,25.125,0.2504166666666667,,0.0
2017-04-16,,,3.795625,11.625,,61.129583333333336,26.64833333333333,22.959999999999997,0.14333333333333334,,0.0
2017-04-17,,,1.1358333333333335,9.083333333333334,,74.46166666666666,24.684583333333332,29.792916666666667,0.09375,,7.0
2017-04-18,,,0.3047916666666666,5.333333333333333,,71.43375,22.7825,19.072083333333335,0.09958333333333334,,1.0
2017-04-19,,,2.689166666666667,7.291666666666667,,66.00833333333334,23.01,21.030833333333334,0.05333333333333334,,1.0
2017-04-20,,,1.04875,10.791666666666666,,60.04625000000001,24.368333333333336,21.46041666666667,0.14145833333333332,,4.0
2017-04-21,,,,13.791666666666666,,54.626666666666665,26.189999999999998,20.076666666666668,0.5070833333333333,,0.0
2017-04-22,,,,11.333333333333334,,75.21166666666666,23.099999999999998,23.705833333333334,0.18000000000000002,,0.0
2017-04-23,,,,8.526315789473685,,88.59791666666666,20.796666666666667,18.728333333333335,0.19666666666666666,,15.0
2017-04-24,,,,,,71.53291666666667,22.72,14.9475,0.19000000000000003,,0.0
2017-04-25,,,10.233076923076924,13.181818181818182,,63.359583333333326,24.78833333333333,18.62666666666667,0.28291666666666665,,0.0
2017-04-26,,,3.185416666666667,11.25,,67.08458333333333,26.018333333333334,13.926250000000001,0.3516666666666666,,1.0
2017-04-27,,,0.7400000000000001,7.354166666666667,,75.8625,23.33083333333333,18.652083333333334,0.07666666666666667,,4.0
2017-04-28,,,0.7529166666666667,12.291666666666666,,85.22333333333334,19.583333333333332,14.294583333333334,0.14125000000000001,,3.0
2017-04-29,,,0.8577083333333334,7.5,,79.32458333333334,20.178333333333335,12.147916666666667,0.26958333333333334,,0.0
2017-04-30,,,3.0379166666666664,,,73.41875,21.354166666666668,12.197916666666666,0.2708333333333333,,0.0
2017-05-01,,,1.3820833333333333,,,61.86958333333333,22.7775,16.600833333333334,0.3066666666666667,,0.0
2017-05-02,,,0.49166666666666664,,,66.61666666666666,21.84958333333333,8.496666666666666,0.22124999999999997,,0.0
2017-05-03,,,6.586666666666667,33.2,,64.12166666666667,23.002916666666668,17.309166666666666,0.25375,,0.0
2017-05-04,,,3.1997916666666666,24.708333333333332,,64.50625000000001,24.10875,19.538333333333334,0.45541666666666664,,0.0
2017-05-05,,,0.6956249999999999,18.041666666666668,,72.11583333333333,23.017916666666665,6.259166666666666,0.32666666666666666,,0.0
2017-05-06,,,,12.583333333333334,,69.48541666666667,22.693749999999998,19.0575,0.19333333333333336,,1.0
2017-05-07,,,,11.791666666666666,,72.87124999999999,22.525000000000002,21.81125,0.15833333333333333,,0.0
2017-05-08,,,,8.875,,70.47666666666667,23.10875,17.296666666666667,0.17395833333333333,,1.0
2017-05-09,,,,19.208333333333332,,67.19291666666668,24.193749999999998,22.146666666666665,0.1991666666666667,,0.0
2017-05-10,,,,20.0,,70.55666666666666,23.3875,25.719166666666666,0.13541666666666666,,0.0
2017-05-11,,,,7.826086956521739,,74.28826086956522,21.55913043478261,19.523529411764706,0.098125,,3.0
2017-05-12,,,0.045714285714285714,12.5,,65.17666666666666,21.232083333333332,15.881666666666668,0.355,,0.0
2017-05-13,,,7.225833333333333,21.875,,59.50666666666666,23.127499999999998,19.807083333333335,0.88,,0.0
2017-05-14,,,1.4662499999999998,23.666666666666668,,59.24625,25.09375,23.852083333333336,0.64125,,0.0
2017-05-15,,,2.2354166666666666,7.75,,63.80916666666667,23.079166666666666,26.162499999999998,0.08166666666666667,,0.0
2017-05-16,,,1.3316666666666668,9.666666666666666,,66.8875,22.102083333333336,18.589583333333334,0.12541666666666665,,0.0
2017-05-17,,,2.0717391304347825,15.6,,67.07773913043478,21.30608695652174,13.762347826086955,0.20939130434782607,,0.0
2017-05-18,,,2.671666666666667,8.409090909090908,,63.522083333333335,21.60625,19.996666666666666,0.12666666666666668,,0.0
2017-05-19,,,1.4775,8.545454545454545,,86.98583333333333,18.569166666666668,8.447083333333333,0.18208333333333335,,23.0
2017-05-20,,,4.7995833333333335,9.666666666666666,,79.4575,21.060416666666665,6.2941666666666665,0.18000000000000002,,0.0
2017-05-21,,,2.32625,4.875,,79.955,21.860416666666666,11.654166666666667,0.12041666666666667,,0.0
2017-05-22,,,0.705625,7.520833333333333,,83.89104166666667,20.93166666666667,13.7675,0.09458333333333334,,11.0
2017-05-23,,,1.0370833333333334,10.916666666666666,,69.65833333333333,21.65833333333333,18.160416666666666,0.11125,,0.0
2017-05-24,,,4.7425,24.291666666666668,,72.75166666666667,21.93958333333333,10.647916666666667,0.530625,,0.0
2017-05-25,,,7.99875,16.375,,70.54666666666667,24.059166666666666,14.581666666666669,0.4116666666666667,,0.0
2017-05-26,,,4.42375,14.5,,63.678333333333335,24.969166666666666,10.315416666666668,0.34833333333333333,,0.0
2017-05-27,,,1.7091666666666667,16.5,,65.87375,23.872500000000002,22.045416666666668,0.29625,,0.0
2017-05-28,,,3.2129166666666666,30.916666666666668,,76.22125,22.63,28.715,0.19708333333333336,,0.0
2017-05-29,,,3.3468750000000003,45.541666666666664,,73.90583333333333,22.910833333333333,24.8725,0.27208333333333334,,0.0
2017-05-30,,,1.75125,37.541666666666664,,77.8,21.575416666666666,20.552916666666665,0.25083333333333335,,0.0
2017-05-31,,,3.525,25.666666666666668,,72.58,22.474166666666665,17.528333333333332,0.3770833333333334,,0.0
2017-06-01,,,7.721666666666667,37.708333333333336,,66.105,24.379583333333333,26.41625,0.4704166666666667,,0.0
2017-06-02,,,1.30125,14.0,,63.50416666666667,21.69333333333333,22.666666666666668,0.10708333333333332,,0.0
2017-06-03,,,4.468333333333334,14.541666666666666,,67.49541666666667,21.930833333333336,21.525000000000002,0.1758333333333333,,0.0
2017-06-04,,,12.914583333333333,26.833333333333332,,66.38958333333333,23.56125,30.589583333333334,0.5433333333333333,,0.0
2017-06-05,,,2.06375,26.833333333333332,,68.19708333333334,23.870416666666667,13.967083333333333,0.7466666666666666,,0.0
2017-06-06,,,3.5529166666666665,33.166666666666664,,71.16666666666667,23.91208333333333,6.9425,0.7358333333333333,,0.0
2017-06-07,,,4.8654166666666665,44.958333333333336,,66.70416666666667,25.741666666666664,16.830416666666668,0.8520833333333333,,0.0
2017-06-08,,,8.585833333333333,58.791666666666664,,52.86875,27.91416666666667,22.47791666666667,0.5983333333333333,,0.0
2017-06-09,,,1.3812499999999999,14.333333333333334,,60.38229166666667,25.405833333333334,26.626875,0.139375,,1.0
2017-06-10,,,0.45333333333333337,15.0,,62.314166666666665,18.762083333333333,24.205416666666665,0.18041666666666667,,0.0
2017-06-11,,,4.01625,27.291666666666668,,65.80499999999999,19.092916666666667,20.12125,0.5825,,0.0
2017-06-12,,,2.5479166666666666,36.541666666666664,,73.34958333333334,20.705833333333334,23.057083333333335,0.8258333333333333,,0.0
2017-06-13,,,2.2829166666666665,31.041666666666668,,79.04375,20.993333333333332,17.131666666666664,0.36041666666666666,,15.0
2017-06-14,,,1.3504166666666668,15.333333333333334,,84.82666666666667,20.356666666666666,19.329166666666666,0.21416666666666664,,3.0
2017-06-15,,,2.3000000000000003,13.333333333333334,,76.13041666666668,21.390833333333333,21.398750000000003,0.14375000000000002,,3.0
2017-06-16,,,2.737083333333333,11.75,,73.01916666666666,21.66416666666667,10.063333333333334,0.27416666666666667,,0.0
2017-06-17,,,2.4575,18.291666666666668,,66.05375,22.677083333333332,12.897083333333333,0.5170833333333333,,0.0
2017-06-18,,,2.9170833333333337,33.708333333333336,,57.78583333333333,23.67375,15.847916666666668,0.9874999999999999,,0.0
2017-06-19,,,2.18375,20.416666666666668,,57.52125,24.17375,23.080416666666665,0.42166666666666663,,0.0
2017-06-20,,,1.9370833333333335,12.75,,77.6775,21.669166666666666,24.054583333333337,0.13125,,11.0
2017-06-21,,,1.2004166666666667,8.875,,88.86083333333333,19.16208333333333,18.13416666666667,0.23666666666666666,,31.0
2017-06-22,,,1.2710416666666666,12.6,,79.68166666666667,21.221666666666668,6.447368421052632,0.28208333333333335,,9.0
2017-06-23,,,2.634583333333333,,,83.17291666666667,20.35875,9.219583333333334,0.3175,,1.0
2017-06-24,,,1.9041666666666668,,,79.71666666666667,20.86916666666667,11.3075,0.525625,,0.0
2017-06-25,,,1.6158333333333335,,,69.88875,20.607916666666664,18.75583333333333,0.4795833333333333,,0.0
2017-06-26,,,0.9558333333333334,4.071428571428571,,72.99416666666666,20.220833333333335,11.362083333333333,0.5258333333333333,,0.0
2017-06-27,,,2.3816666666666664,7.9375,,69.17708333333333,21.170416666666664,13.195,0.18916666666666668,,0.0
2017-06-28,,,9.181666666666667,16.25,,69.5975,22.430000000000003,15.618333333333334,0.33708333333333335,,0.0
2017-06-29,,,3.5714285714285716,25.799999999999997,,67.62333333333333,21.049523809523812,11.991904761904763,0.5010476190476191,,0.0
2017-06-30,,,3.8745833333333333,33.541666666666664,,52.60458333333333,22.473333333333333,14.9525,0.9116666666666666,,0.0
2017-07-01,,,0.7714583333333334,20.125,,67.8725,21.41916666666667,24.69604166666667,0.24625,,1.0
2017-07-02,,,0.9433333333333334,7.6875,,80.30541666666666,17.863333333333333,29.7775,0.11458333333333333,,1.0
2017-07-03,,,1.61625,8.541666666666666,,76.60166666666667,16.840416666666666,14.995,0.20333333333333334,,0.0
2017-07-04,,,2.39,12.041666666666666,,70.83708333333333,17.794999999999998,12.753749999999998,0.19125,,0.0
2017-07-05,,,2.1908333333333334,9.875,,69.02583333333334,19.2375,18.905833333333334,0.16624999999999998,,0.0
2017-07-06,,,3.0483333333333333,11.208333333333334,,67.72166666666666,20.106666666666666,17.46,0.22166666666666668,,0.0
2017-07-07,,,2.0079166666666666,7.416666666666667,,68.47958333333334,20.484583333333333,18.92875,0.22458333333333333,,0.0
2017-07-08,,,2.61375,8.75,,67.06583333333333,20.534583333333334,19.614583333333332,0.24916666666666668,,0.0
2017-07-09,,,14.603333333333333,15.458333333333334,,68.14625,20.84208333333333,22.41333333333333,0.25375,,0.0
2017-07-10,,,6.138333333333333,12.083333333333334,,65.37333333333333,21.769166666666667,14.290416666666667,0.285,,0.0
2017-07-11,,,3.6595833333333334,20.166666666666668,,71.40208333333334,21.56041666666667,18.965833333333332,0.37041666666666667,,0.0
2017-07-12,,,4.090833333333333,26.916666666666668,,75.47041666666667,20.982916666666664,23.8625,0.245,,0.0
2017-07-13,,,3.609166666666667,16.708333333333332,,68.7375,22.06625,23.34166666666667,0.19499999999999998,,0.0
2017-07-14,,,7.400833333333334,10.395833333333334,,66.18416666666667,21.832916666666666,16.273333333333333,0.29916666666666664,,0.0
2017-07-15,,,7.672083333333333,13.916666666666666,,60.58833333333334,22.299166666666665,17.393333333333334,0.23583333333333334,,0.0
2017-07-16,,,5.736250000000001,15.958333333333334,,56.3125,22.92,16.394166666666667,0.6483333333333333,,0.0
2017-07-17,,,1.7097916666666668,17.354166666666668,,54.867916666666666,23.655416666666667,14.958666666666666,0.6321428571428571,,0.0
2017-07-18,,,1.6958823529411764,9.625,,82.91041666666666,18.089583333333334,31.790833333333335,0.050416666666666665,,2.0
2017-07-19,,,1.21875,7.291666666666667,,86.65499999999999,16.187916666666666,22.822083333333335,0.21333333333333335,,1.0
2017-07-20,,,3.856666666666667,19.541666666666668,,72.1675,19.682916666666667,12.015833333333333,0.35625,,0.0
2017-07-21,,,6.754583333333334,22.5,,66.40208333333334,22.247083333333336,21.149583333333332,0.37000000000000005,,0.0
2017-07-22,,,0.8975,24.208333333333332,,73.82583333333334,20.58458333333333,35.165,0.13208333333333333,,0.0
2017-07-23,,,5.649583333333333,40.5,,67.17416666666666,21.712500000000002,28.418750000000003,0.73375,,0.0
2017-07-24,,,7.435,21.166666666666668,,68.17,21.879583333333333,20.567916666666665,0.19875,,0.0
2017-07-25,,,4.792916666666667,14.958333333333334,,62.73333333333333,23.09375,16.864166666666666,0.28458333333333335,,0.0
2017-07-26,,,2.4858333333333333,17.363636363636363,,59.66041666666666,22.465,20.734583333333333,0.16166666666666668,,0.0
2017-07-27,,,3.7291666666666665,13.208333333333334,,58.897083333333335,21.306250000000002,19.549166666666668,0.11958333333333333,,0.0
2017-07-28,,,5.8687499999999995,10.791666666666666,,60.1025,21.192916666666665,20.392083333333336,0.65625,,0.0
2017-07-29,,,0.8566666666666666,9.958333333333334,,65.44666666666667,21.529583333333335,24.704166666666666,0.06875,,0.0
2017-07-30,,,5.32625,13.708333333333334,,59.5025,21.886666666666667,29.352083333333336,0.1225,,0.0
2017-07-31,,,3.2883333333333336,12.333333333333334,,58.2925,21.847916666666666,19.645,0.5133333333333333,,0.0
2017-08-01,,,2.811666666666667,16.615384615384617,,52.42583333333334,21.97583333333333,18.755625,0.23166666666666666,,0.0
2017-08-02,,,4.823333333333333,21.791666666666668,,47.39541666666667,22.686666666666667,17.242916666666666,0.39041666666666663,,0.0
2017-08-03,,,3.170833333333333,25.916666666666668,,54.77583333333333,23.702083333333334,23.28833333333333,0.3758333333333333,,3.0
2017-08-04,,,0.1725,10.083333333333334,,70.88875,20.13,45.84916666666667,0.03875,,9.0
2017-08-05,,,1.3525,8.0,,71.0225,19.546666666666667,31.229583333333334,0.16541666666666666,,7.0
2017-08-06,,,2.1408333333333336,14.333333333333334,,65.25375,18.343333333333334,21.316666666666666,0.3408333333333333,,0.0
2017-08-07,,,15.586666666666666,16.291666666666668,,60.01708333333334,19.989583333333332,19.53625,0.5125000000000001,,0.0
2017-08-08,,,2.9079166666666665,34.791666666666664,,56.27041666666667,23.192916666666665,10.72842105263158,0.688125,,0.0
2017-08-09,,,2.6962499999999996,26.875,,46.22458333333333,26.060000000000002,38.32666666666667,0.13958333333333334,,0.0
2017-08-10,,,0.9579166666666666,13.166666666666666,,74.95208333333333,20.701249999999998,32.93666666666667,0.08916666666666667,,0.0
2017-08-11,,,0.6891666666666666,8.23076923076923,,75.51958333333333,19.151666666666667,20.368333333333332,0.10208333333333335,,0.0
2017-08-12,,,1.4966666666666668,8.75,,60.76833333333334,20.715,25.875833333333333,0.05104166666666667,,0.0
2017-08-13,,,10.456249999999999,19.875,,61.340833333333336,21.6425,26.504166666666666,0.21875,,0.0
2017-08-14,,,2.598125,14.909090909090908,,64.5575,22.767916666666665,30.10291666666667,0.11416666666666665,,0.0
2017-08-15,,,1.3304166666666666,8.208333333333334,,75.41375000000001,20.417083333333334,28.842916666666667,0.07291666666666667,,0.0
2017-08-16,,,4.451666666666667,24.166666666666668,,84.67041666666667,19.34,8.414166666666667,0.3558333333333333,,9.0
2017-08-17,,,0.8329166666666666,13.020833333333334,,89.68791666666668,19.003333333333334,10.460833333333333,0.17958333333333334,,3.0
2017-08-18,,,3.1283333333333334,9.625,,92.06166666666667,19.274583333333332,8.417083333333332,0.3252083333333333,,2.0
2017-08-19,,,18.930833333333332,37.75,,84.33166666666666,21.080416666666668,8.314166666666667,0.6220833333333333,,0.0
2017-08-20,,,2.7937499999999997,26.166666666666668,,79.67541666666666,21.084166666666665,17.81125,0.8825,,16.0
2017-08-21,,,3.5225000000000004,4.666666666666667,,88.06,17.0575,25.764166666666668,0.04541666666666667,,3.0
2017-08-22,,,2.732083333333333,6.75,,74.42666666666666,17.90125,21.263749999999998,0.08875,,0.0
2017-08-23,,,2.2747916666666668,5.733333333333333,,65.25791666666667,19.6125,18.663333333333334,0.12125000000000001,,0.0
2017-08-24,,,4.428333333333334,,,63.94708333333333,20.652083333333334,15.484583333333333,0.12416666666666666,,0.0
2017-08-25,,,4.920625,,,62.50666666666667,20.624166666666667,20.827916666666667,0.08833333333333333,,0.0
2017-08-26,,,4.489999999999999,,,60.286249999999995,21.5125,23.035833333333333,0.1445833333333333,,0.0
2017-08-27,,,11.175208333333332,,,61.669999999999995,21.658749999999998,30.177083333333332,0.17166666666666666,,0.0
2017-08-28,,,4.8706249999999995,,,70.14791666666666,21.342083333333335,28.12125,0.23916666666666667,,0.0
2017-08-29,,,7.111458333333334,,,70.70666666666666,21.949583333333333,30.720416666666665,0.24041666666666664,,0.0
2017-08-30,,,6.301666666666667,,,57.27875,25.392916666666665,25.937083333333334,0.4608333333333334,,0.0
2017-08-31,,,0.5008333333333334,,,76.83916666666666,20.759583333333335,32.875,0.13541666666666666,,0.0
2017-09-01,,,1.4122916666666667,,,67.95291666666667,20.36375,29.663750000000004,0.08416666666666667,,1.0
2017-09-02,,,2.642708333333333,,,56.38666666666666,21.497500000000002,30.129166666666666,0.08333333333333333,,0.0
2017-09-03,,,7.422083333333333,,,55.507083333333334,21.75583333333333,28.95625,0.09999999999999999,,0.0
2017-09-04,,,4.1975,,,51.91291666666667,23.347916666666666,21.42375,0.14875,,0.0
2017-09-05,,,2.7091666666666665,,,45.684583333333336,25.11791666666667,20.85875,0.2225,,1.0
2017-09-06,,,2.4093750000000003,26.4,,62.715833333333336,22.37375,30.091250000000002,0.14708333333333334,,0.0
2017-09-07,,,3.422083333333333,28.77777777777778,,67.15833333333333,21.91208333333333,38.105,0.22624999999999998,,0.0
2017-09-08,,,7.4210416666666665,25.923076923076923,,60.92875,23.82625,27.974999999999998,0.1775,,0.0
2017-09-09,,,5.474374999999999,,,54.70708333333334,25.188333333333333,26.506666666666664,0.10625,,0.0
2017-09-10,,,3.040909090909091,,,66.90727272727273,22.798181818181817,13.553636363636365,0.1490909090909091,,0.0
